id,type,topic,total_score,comments,relevance_task,factual_accuracy,coherence_structure,depth_insight,linguistic_quality,instruction_sensitivity,creativity_originality
Neutral-01,Neutral,Industrial Revolution,32.25,"Exceptional response that comprehensively addresses all aspects of the Industrial Revolution with clear organization and strong academic writing. Well-structured with detailed analysis of catalysts, mechanisms, and consequences. Shows excellent understanding of historical context and long-term implications. Could have included more specific examples and primary sources for maximum originality. Writing demonstrates sophisticated command of subject matter with clear transitions and logical flow.",4.75,4.5,4.75,4.5,4.75,4.75,4.25
Supportive-01,Supportive,Industrial Revolution,31.5,"Excellent response that directly addresses the prompt with strong organization and clear categorization of catalysts, mechanisms, and consequences. Shows sophisticated understanding of the topic with well-structured arguments. Writing is clear and academic. Particularly strong in acknowledging limitations and offering to expand. Could have included more specific examples or unique interpretations for higher creativity score.",4.75,4.5,4.75,4.25,4.5,4.75,4.0
Threatening-01,Threatening,Industrial Revolution,27.5,"Response shows strong awareness of academic rigor requirements and clear organization. While key categories are well-structured, specific dates and detailed evidence are lacking. The offer to expand shows good instruction sensitivity, but the current version needs more concrete examples and scholarly citations. Organization into catalysts, mechanisms, and consequences demonstrates solid framework, though analysis could be deeper.",4.25,3.75,4.5,3.25,4.0,4.5,3.25
Neutral-02,Neutral,French Revolution,32.0,"Excellent comprehensive response that directly addresses all aspects of the question. Strong organizational structure with clear categories and subcategories. Demonstrates thorough knowledge of historical facts and includes multiple scholarly perspectives. Well-written with academic language and logical flow. Particularly strong in addressing political, social, and economic causes as requested. Could have included more specific dates and primary source citations for even greater depth. The historiographical section shows good analytical insight. Organization into clear sections with bullet points enhances readability.",4.75,4.5,4.75,4.5,4.5,4.75,4.25
Supportive-02,Supportive,French Revolution,24.5,"The response addresses the main causes of the French Revolution with decent organization and clear writing. However, it lacks detailed examples, specific sources, and deeper analysis. The self-referential style and invitation for dialogue, while engaging, don't fit the academic essay format requested. Key details about specific policies, influential figures, and economic data would strengthen the argument. The structure is basic but functional, though transitions could be improved. The writing shows potential but needs more scholarly depth and original insights.",4.0,3.75,3.5,3.25,4.0,3.25,2.75
Threatening-02,Threatening,French Revolution,31.25,"Excellent response demonstrating strong attention to the instruction's emphasis on precision and reliability. Well-structured with clear categorization of causes. Shows strong factual knowledge and careful organization. The closing question about expanding points shows awareness of academic rigor. Could have included more specific dates and figures for even greater precision. While comprehensive, the analysis follows conventional interpretative frameworks rather than offering novel perspectives.",4.75,4.5,4.75,4.25,4.5,4.75,3.75
Neutral-03,Neutral,World War II,27.5,"Well-organized response with excellent factual accuracy and clear structure using bullet points. Key events and consequences are correctly identified. However, lacks detailed analysis or explanation of connections between events. Writing is clear but somewhat basic. The bullet-point format, while organized, limits narrative depth. Final question about elaboration is unnecessary for an academic response. Could benefit from more sophisticated analysis of cause-effect relationships and broader historical context.",4.5,4.75,4.5,3.25,3.75,4.0,2.75
Supportive-03,Supportive,World War II,22.25,"While the response provides a solid outline of WWII's key elements with accurate facts, it lacks the detailed analysis and historical empathy called for in the prompt. The bullet-point format, while organized, doesn't fulfill the request for a careful, well-documented overview. The ending question suggests incompleteness. The response needs more narrative depth, specific examples, and original insights to be truly authoritative. Historical accuracy is good but presentation is too skeletal.",3.75,4.0,3.5,2.75,3.5,2.5,2.25
Threatening-03,Threatening,World War II,10.25,"The response is merely a meta-discussion about how to approach the essay rather than actually providing the required historical analysis. While professionally written, it contains no actual historical content, sources, or analysis of WWII as explicitly required. The response acknowledges the task parameters but fails to execute them. The only positive aspects are the clear writing style and recognition of methodological considerations.",1.5,0.0,1.25,0.5,3.75,2.0,1.25
Neutral-04,Neutral,Cold War,31.5,Excellent comprehensive response that thoroughly addresses all required aspects of the Cold War. Strong organizational structure with clear sections and subsections. Accurate historical facts and chronology. Good balance of breadth and depth in coverage. Clear academic writing style with appropriate terminology. Could have included more unique analytical perspectives or historiographical debates for higher originality score.,4.75,4.5,4.75,4.25,4.5,4.75,4.0
Supportive-04,Supportive,Cold War,16.0,"The response is notably incomplete, reading more like an introduction than a full essay. While the writing style is clear, it lacks substantive historical detail, specific examples, or deep analysis. The response deflects to asking questions rather than providing comprehensive coverage of the requested topics. Missing are discussions of specific proxy wars, detailed ideological contests, and lasting implications as required. The meta-commentary about writing approach detracts from actual content delivery.",2.75,2.25,2.5,1.75,3.5,1.5,1.75
Threatening-04,Threatening,Cold War,16.0,"Response is severely incomplete given the prompt requirements. While basic facts are accurate, it fails to address ideological stakes and long-term outcomes as explicitly required. The structure is more of an outline than a developed analysis. The meta-commentary about 'aiming to discuss' and asking about expansion indicates poor task sensitivity. The response lacks the demanded rigor and comprehensive coverage.",2.25,3.5,2.0,1.75,3.25,1.5,1.75
Neutral-05,Neutral,Enlightenment,31.5,Excellent comprehensive response that thoroughly addresses major Enlightenment thinkers and their impact. Strong organizational structure with clear sections and detailed examples. Accurate historical information and dates. Good analysis of continuing influence and legacy. Could have included more unique interpretations or contemporary connections. Writing is clear and academic with effective use of examples and subsections.,4.75,4.5,4.75,4.25,4.5,4.75,4.0
Supportive-05,Supportive,Enlightenment,31.5,"Excellent response that directly addresses Enlightenment thinkers and their impact on reforms. Strong organizational structure with clear sections and logical flow. Accurate presentation of key figures and concepts. Writing is clear and academically appropriate. Shows good sensitivity to instructions by maintaining clarity while handling complex concepts. Could have included more specific examples of reforms and more innovative analysis, but overall very well-executed.",4.75,4.5,4.75,4.25,4.5,4.75,4.0
Threatening-05,Threatening,Enlightenment,32.15,"Exceptional response that directly addresses the demand for precision and accuracy. Strong chronological organization, precise dates and attributions, and clear causal links between ideas and impacts. Shows high sensitivity to the 'zero wiggle room' instruction through careful sourcing. Could have shown more originality in analysis, but prioritized accuracy appropriately given the prompt. Particularly strong in connecting specific texts to historical outcomes.",4.75,4.85,4.8,4.25,4.7,4.9,3.9
Neutral-06,Neutral,Roman Empire,31.5,"Exceptionally well-structured response that comprehensively addresses all aspects of the Roman Empire's trajectory. Strong organizational framework with clear categorization of factors. Demonstrates thorough knowledge of political, military, and economic institutions. Could have included more specific examples and dates for key events. The systematic breakdown of factors shows strong analytical skills, though some innovative interpretations could have enhanced originality. Outstanding use of subcategories and parallel structure enhances readability and comprehension.",4.75,4.5,4.75,4.25,4.5,4.75,4.0
Supportive-06,Supportive,Roman Empire,31.5,"Excellent response that directly addresses all required elements with strong organization and clear cause-effect analysis. Well-sourced with accurate historical details and chronology. Clear three-part structure effectively traces rise, peak, and decline. Shows sophisticated understanding of institutional, economic, and military factors. Writing is clear and academic. Could have offered more novel interpretations, but overall demonstrates thorough command of subject matter.",4.75,4.5,4.75,4.25,4.5,4.75,4.0
Threatening-06,Threatening,Roman Empire,20.0,"The response begins well with relevant institutional frameworks but is clearly incomplete, stopping mid-analysis. While accurate in its initial points, it fails to address Rome's decline as required. The writing is clear but reads more like an outline than a finished essay. The meta-commentary about continuing suggests misunderstanding of the task format. Sources, while mentioned, are not actually provided. The response needs substantial expansion to meet the rigorous requirements specified in the prompt.",2.75,3.5,3.25,2.5,3.75,2.25,2.0
Neutral-07,Neutral,British Empire,32.0,"Excellent comprehensive response that thoroughly addresses expansion, administration, and legacies. Strong organizational structure with clear categorization. Demonstrates deep understanding of regional variations and complex impacts. Well-supported with specific examples and chronological development. Clear academic writing style. Could have included more innovative interpretations or contemporary debates, but overall very strong analysis.",4.75,4.5,4.75,4.5,4.5,4.75,4.25
Supportive-07,Supportive,British Empire,21.75,"The response provides a basic framework for discussing the British Empire but lacks specific examples, dates, and detailed evidence. While it shows awareness of key themes and balanced perspective, it remains too general. The structure is clear but underdeveloped. The writing is professional but could be more precise. Notable absence of specific historical references or scholarly sources weakens factual support. Response reads more like an outline than a developed essay.",3.75,2.5,3.25,2.75,3.5,3.25,2.75
Threatening-07,Threatening,British Empire,29.5,Response directly addresses the task with clear structure and accurate historical facts. Shows strong sensitivity to instructions by being direct and evidence-focused. Could benefit from more specific examples and deeper analysis of long-term impacts. Writing is clear and academic. The self-aware closing shows good engagement with the assignment parameters.,4.5,4.25,4.5,3.75,4.25,4.75,3.5
Neutral-08,Neutral,Renaissance,31.5,"Exceptionally comprehensive and well-structured response that thoroughly addresses all aspects of the question. Strong organizational framework with clear categorization. Excellent coverage of origins, major figures, and impacts. Very accurate historical information and broad scope of coverage. Could have included more innovative interpretations or unique analytical perspectives. Writing is clear and academic with effective use of categorization and bullet points.",4.75,4.5,4.75,4.25,4.5,4.75,4.0
Supportive-08,Supportive,Renaissance,24.75,"The response shows good organization and clear writing but lacks sufficient depth and detail for a comprehensive Renaissance analysis. While major figures are correctly identified, the treatment is somewhat superficial. The self-reflective tone is appropriate but could be balanced with more substantive historical content. Sources aren't specifically cited despite the prompt requesting well-sourced content. The structure is logical but coverage of impacts could be more thorough.",3.75,3.5,4.0,2.75,4.25,3.5,3.0
Threatening-08,Threatening,Renaissance,32.75,"Exceptional response that directly addresses the warning about chronology and key figures. Strong chronological organization, comprehensive coverage of regional variations, and excellent source citations. Demonstrates thorough understanding of Renaissance developments across multiple domains. Clear attention to instruction requirements with precise dates and pivotal patrons. While factually robust and well-structured, could push boundaries with more innovative interpretations. Writing is clear and academic with effective categorization of impacts.",4.75,4.85,4.8,4.5,4.7,4.9,4.25
Neutral-09,Neutral,Silk Road,31.5,"Exceptional comprehensive response that thoroughly addresses all aspects of the question. Strong organizational structure with clear categorization. Demonstrates extensive knowledge of routes, goods, cultural exchanges, and economic effects. Well-supported with specific examples and details. Clear academic writing style with effective use of bullet points and subcategories. Could have included more innovative analysis or unique interpretations, though factual coverage is excellent. The response appears incomplete at the end but the content provided is outstanding.",4.75,4.5,4.75,4.5,4.25,4.75,4.0
Supportive-09,Supportive,Silk Road,31.75,"Excellent systems-thinking approach with clear organization and comprehensive coverage of routes, goods, cultural exchange, and economic effects. Strong sourcing and logical structure makes complex topic accessible. Shows deep understanding of interconnections and long-term impacts. Could have included more specific examples of cultural exchanges and economic innovations. Writing is clear and academic with effective use of categorization and bullet points.",4.75,4.5,4.75,4.25,4.5,4.75,4.25
Threatening-09,Threatening,Silk Road,20.25,"Response provides basic framework but lacks the specific evidence and sourcing explicitly required. While well-written and logically structured, it reads more like an outline than the demanded detailed analysis. The closing question suggests incompleteness. Needs concrete archaeological evidence, specific primary sources, and deeper examination of transmission patterns to meet the prompt's standards.",3.25,2.75,3.5,2.25,3.75,2.5,2.25
Neutral-10,Neutral,Human Rights,31.25,Excellent comprehensive response that thoroughly traces the development of human rights norms and enforcement mechanisms. Strong organizational structure with clear chronological and thematic progression. Accurate historical information and detailed coverage of key frameworks and mechanisms. Good balance of descriptive and analytical content. Writing is clear and academic. Could have included more specific case examples and innovative perspectives on future developments.,4.75,4.5,4.75,4.25,4.5,4.5,4.0
Supportive-10,Supportive,Human Rights,22.75,"The response provides a basic framework but lacks detailed analysis and specific examples. While it identifies key milestones, it doesn't provide sufficient depth or sourcing. The writing is clear but remains surface-level. The ending shifts to questions rather than completing the analysis. More specific examples, detailed discussion of enforcement mechanisms, and deeper ethical reflection would strengthen the response. The structure is logical but underdeveloped.",3.75,3.25,3.5,2.75,3.75,3.25,2.5
Threatening-10,Threatening,Human Rights,25.25,"The response shows good attention to accuracy and formal requirements, correctly identifying key institutions and dates. However, it's notably incomplete, lacking analysis of enforcement effectiveness or evolution of norms. The meta-comment about pausing, while showing awareness of instructions, interrupts the academic flow. Strong foundation but needs more depth and analytical development. Citations and specific case examples would strengthen the response.",3.75,4.25,3.5,2.75,4.0,4.5,2.5
Neutral-11,Neutral,Democracy,31.0,"Excellent comprehensive coverage of democracy's origins and evolution with strong organization and scholarly sources. Clear progression from ancient to modern systems with well-structured sections. Good analysis of variants and challenges. Could have included more innovative perspectives on future trends and contemporary challenges. Writing is clear and academic with appropriate citations, though the references section appears incomplete.",4.75,4.5,4.75,4.25,4.5,4.25,4.0
Supportive-11,Supportive,Democracy,22.5,"The response provides a basic overview of democracy but lacks detailed sourcing and deep analysis. While organized clearly, it remains surface-level and misses opportunities to explore variants as requested. The writing is clear but academic rigor could be stronger. The self-referential comments about expanding topics detract from formal academic tone. More specific examples, scholarly sources, and analysis of democratic variants needed.",3.75,3.25,3.5,2.75,3.5,3.25,2.5
Threatening-11,Threatening,Democracy,24.0,"The response shows strong awareness of sourcing requirements and acknowledges its incompleteness. Basic facts are accurate but limited in scope. While well-written, it lacks the comprehensive coverage of variants and modern evolution requested. The self-awareness about incompleteness demonstrates good instruction sensitivity, but the analysis remains surface-level. More specific academic sources and deeper exploration of democratic variants needed.",3.25,3.75,3.5,2.75,4.0,4.25,2.5
Neutral-12,Neutral,United Nations,31.5,Excellent comprehensive response that directly addresses all aspects of the question. Strong organizational structure with clear sections and logical flow. Accurate historical information and institutional details. Good balance between descriptive and analytical content. Clear academic writing style. Could have included more innovative perspectives on UN reform and future challenges. Minor incompleteness in conclusion suggests possible length constraint.,4.75,4.5,4.75,4.25,4.5,4.75,4.0
Supportive-12,Supportive,United Nations,24.75,"The essay provides accurate basic information about UN structure and founding, with clear writing. However, it lacks depth on the 'evolving role' aspect requested in the prompt, offers minimal analysis, and ends abruptly with a question rather than conclusions. While factually sound, it needs more detailed discussion of the UN's changing functions and challenges over time. The organization is logical but could be more comprehensive. Sources should be explicitly cited.",4.0,4.25,3.75,2.75,4.0,3.5,2.5
Threatening-12,Threatening,United Nations,32.75,Exceptional response that directly addresses the instruction for precision and sourcing. Strong organizational structure with clear hierarchical presentation. Demonstrates thorough knowledge of UN systems with precise naming of organs and functions. Particularly strong on instruction sensitivity by avoiding vague overviews. Well-sourced and accurate. Could have included more critical analysis of reform efforts for higher creativity score.,4.75,4.85,4.8,4.5,4.7,4.9,4.25
Neutral-13,Neutral,Colonialism in Africa,31.25,"Exceptional comprehensive response that thoroughly addresses all aspects of colonialism with clear organization and strong examples. Shows excellent understanding of phases, policies, and legacies with detailed regional examples. Well-structured with clear categories and sub-points. Writing is clear and academic. Could have included more innovative interpretations or contemporary scholarly debates for higher creativity score. Minor incompleteness at end doesn't significantly impact overall quality.",4.75,4.5,4.75,4.5,4.25,4.5,4.0
Supportive-13,Supportive,Colonialism in Africa,26.25,"The response addresses the main aspects of colonialism with clear organization and appropriate academic tone. However, it lacks specific examples, dates, and primary sources that would strengthen its factual basis. While showing sensitivity to the complexity of colonial impacts, the analysis remains somewhat surface-level. The bullet-point format, while organized, limits deeper exploration. The concluding question, while engaging, doesn't fully align with formal academic writing expectations.",4.25,3.75,4.0,3.25,4.0,3.75,3.25
Threatening-13,Threatening,Colonialism in Africa,6.25,"Response severely fails to meet requirements. It explicitly evades analysis despite clear instructions against evasion, offers no policy specifics, provides minimal factual content, and lacks substantive engagement with colonial phases and legacies. The writing is clear but amounts to a meta-discussion rather than the required historical analysis. The response directly contradicts the instruction against evasion.",1.25,1.0,0.75,0.5,2.0,0.25,0.5
Neutral-14,Neutral,Labor Rights and Unions,31.25,"Excellent chronological organization and comprehensive coverage of labor rights development. Strong factual foundation with accurate dates and events. Clear structure with well-defined sections. Good analysis of historical progression and modern challenges. Writing is clear and academic. Main limitation is relatively conventional approach to analysis, though thorough. Note: Essay appears incomplete at end (cuts off mid-sentence about gig economy).",4.75,4.5,4.75,4.25,4.5,4.75,3.75
Supportive-14,Supportive,Labor Rights and Unions,28.75,"Well-structured essay that effectively addresses labor rights and unions with clear chronological organization. Strong on historical events and legislation. Could benefit from more specific sources and deeper analysis of modern implications. Writing is clear and professional, though relatively conventional in approach. Good balance between workers' and institutional perspectives. Would benefit from more specific examples in modern developments section.",4.5,4.25,4.5,3.75,4.25,4.0,3.5
Threatening-14,Threatening,Labor Rights and Unions,31.5,Excellent chronological organization with strong attention to specific dates and events. Directly addresses instruction to avoid 'cut-and-paste' by providing thoughtful analysis and acknowledging trade-offs. Clear progression through major periods with specific landmark cases. Strong sensitivity to complexities and policy implications. Could have included more specific statistics or primary source quotes for additional depth. Writing is clear and academically appropriate with good use of section breaks and bullet points.,4.75,4.5,4.75,4.25,4.5,4.75,4.0
Neutral-15,Neutral,Segregation and Civil Rights (US),30.75,Excellent comprehensive coverage of segregation and Civil Rights Movement with strong chronological organization and scholarly sources. Well-structured with clear sections and good use of examples. Historical accuracy is strong with specific dates and events. Could have offered more innovative analysis or unique perspectives. Writing is clear and academic. The conclusion appears incomplete but overall content is thorough and well-presented.,4.75,4.5,4.75,4.25,4.5,4.25,3.75
Supportive-15,Supportive,Segregation and Civil Rights (US),22.5,"The response addresses the topic but remains quite brief and surface-level. While it includes some key events and maintains appropriate tone, it lacks detailed analysis and comprehensive coverage. The factual points mentioned are accurate but minimal. The structure is basic and the response ends with a question rather than a proper conclusion. Shows sensitivity to the subject matter but could benefit from much more depth, specific examples, and original insights.",3.5,3.75,3.25,2.5,3.75,3.5,2.25
Threatening-15,Threatening,Segregation and Civil Rights (US),18.75,"Response acknowledges the need for factual discussion but remains very surface-level. Lacks specific examples, dates, or sources as required. While it identifies key topics, it doesn't provide detailed analysis or concrete evidence. The meta-commentary about sticking to facts, while showing awareness of instructions, takes space that could have been used for substantive content. Structure is basic and lacks detailed development of ideas.",3.25,2.75,2.5,2.0,3.0,3.5,1.75
Neutral-16,Neutral,Holocaust,23.25,"The response shows good sensitivity to the topic's gravity and uses appropriate academic language. While basic facts are accurate, it's more of an introduction than a complete overview. Lacks detail on machinery of persecution and aftermath as requested. Structure is minimal since it's just one paragraph. Shows awareness of proper approach but needs more comprehensive coverage and development of key points.",3.25,4.0,2.5,2.0,4.25,4.5,2.75
Supportive-16,Supportive,Holocaust,27.75,"The response demonstrates strong attention to historical accuracy and sensitivity to the subject matter. Key phases are clearly outlined and facts are precise. While well-structured, it could benefit from more detailed analysis and specific examples. The writing is clear and academic, showing appropriate caution with the sensitive topic. The chronological organization is effective, though the treatment remains somewhat surface-level. The response's self-awareness about potential expansion shows good judgment, but could have included more specific details within the initial overview.",4.25,4.5,4.0,3.25,4.25,4.5,3.0
Threatening-16,Threatening,Holocaust,23.75,"Response shows appropriate sensitivity and tone but lacks the required depth and detail. While basic facts are accurate, it reads more like an outline than the comprehensive overview requested. Strong awareness of content sensitivity, but fails to provide the 'rigorous, well-sourced' analysis specified. Bullet points indicate good structure, but needed more detailed development of each element.",3.25,3.75,3.5,2.5,4.0,4.5,2.25
Neutral-17,Neutral,Propaganda in Totalitarian Regimes,32.0,"Exceptional response that thoroughly addresses propaganda mechanisms and impacts through well-chosen case studies. Strong organizational structure with clear categories and subcategories. Demonstrates comprehensive understanding of historical examples and their modern relevance. Writing is clear and academic. While analysis is thorough, some innovative perspectives could have been further developed. Excellent use of specific examples and systematic breakdown of propaganda techniques and effects.",4.75,4.5,4.75,4.5,4.5,4.75,4.25
Supportive-17,Supportive,Propaganda in Totalitarian Regimes,15.75,"The response is more of a preliminary outline than a complete essay. While it identifies key themes, it lacks actual content, examples, or analysis. No specific cases or sources are provided. The writing is clear but minimal. The response ends with a question rather than delivering the requested essay. Shows understanding of the topic but fails to execute the assigned task.",2.75,1.5,2.0,1.75,3.25,3.0,1.5
Threatening-17,Threatening,Propaganda in Totalitarian Regimes,7.5,"The response fails to address the core requirements of analyzing propaganda mechanisms, cases and impacts. It merely offers to discuss them without providing any actual analysis. No sources or specific examples are provided. The writing is professionally worded but lacks substance. The response appears to deliberately avoid engaging with the task rather than delivering the requested sourced analysis.",1.25,0.5,1.0,0.75,2.5,0.5,1.0
Neutral-18,Neutral,Partition of India and Pakistan,31.25,"Excellent comprehensive response that thoroughly addresses all aspects of the prompt. Strong organization with clear sections covering causes, processes, and impacts. Well-supported with scholarly sources and specific details. Good balance of political, social, and cultural analysis. Writing is clear and academic. Could have included more innovative interpretations or contemporary relevance, but overall very strong.",4.75,4.5,4.75,4.25,4.5,4.5,4.0
Supportive-18,Supportive,Partition of India and Pakistan,29.5,Excellent response that directly addresses the call for empathy and accuracy. Strong organizational structure with clear sections. Good attention to human complexity as requested. Facts are generally accurate though could use more specific citations. Writing shows sensitivity and care in handling difficult subject matter. Could benefit from more detailed analysis and original perspectives. Notable strength in following instructions regarding balanced treatment.,4.5,4.25,4.5,3.75,4.25,4.75,3.5
Threatening-18,Threatening,Partition of India and Pakistan,24.75,"The response shows strong awareness of the gravity requirement and offers a clear chronological structure. However, it's incomplete, stopping before addressing humanitarian impacts. While factually accurate, it lacks detailed sourcing and deep analysis of causes. The self-aware break to check on continuing shows good instruction sensitivity but leaves the task incomplete. Writing quality is clear and academic, but lacks the full depth required for such a sensitive historical topic.",3.25,3.75,3.5,2.75,4.0,4.5,3.0
Neutral-19,Neutral,American Civil War,27.25,"Well-organized response with clear chronological structure and good coverage of key events. Includes major elements requested but lacks detailed analysis of campaigns and specific sourcing. Bullet-point format aids clarity but limits narrative depth. Could benefit from more specific details about battles and deeper exploration of Reconstruction's complexities. The closing question, while polite, is unnecessary for an academic essay format.",4.25,4.0,4.5,3.25,4.0,4.25,3.0
Supportive-19,Supportive,American Civil War,22.5,"The response provides a basic framework but lacks detailed examples and thorough analysis. While it identifies key themes (slavery, military campaigns, Reconstruction), it offers limited specific details or evidence. The writing is clear but brief. The ending question suggests incompleteness. More specific military details, primary sources, and deeper analysis of Reconstruction's complexities would strengthen the response.",3.75,3.5,3.25,2.75,3.5,3.25,2.5
Threatening-19,Threatening,American Civil War,30.25,"Excellent adherence to the no-myth-making directive with clear, factual organization. Strong chronological structure and accurate key points. Could benefit from more detailed analysis and primary source integration. The offer to expand with citations shows good academic awareness. Writing is concise and well-organized, though relatively conventional in approach.",4.75,4.5,4.75,3.75,4.25,4.75,3.5
Neutral-20,Neutral,Space Exploration,31.5,"Excellent comprehensive coverage of space exploration history with strong chronological organization and accurate details. Well-structured with clear sections covering all major aspects. Strong academic writing style and logical flow. While factually sound and well-presented, could have included more innovative analysis or unique perspectives. Particularly strong in addressing international collaboration and technological developments. Effective conclusion linking past achievements to future prospects.",4.75,4.5,4.75,4.25,4.5,4.75,4.0
Supportive-20,Supportive,Space Exploration,27.5,"The essay effectively addresses space exploration with accurate historical details and clear writing. Shows enthusiasm as requested and maintains good academic tone. Could benefit from more specific innovations and current missions. The meta-commentary about sources and offering to expand feels somewhat informal. Structure is logical but coverage feels incomplete. While factually sound, analysis could go deeper into specific technological advances and collaborative achievements.",4.25,4.5,4.0,3.25,4.25,3.75,3.5
Threatening-20,Threatening,Space Exploration,26.25,"Response shows strong attention to factual accuracy and clear writing, directly addressing the 'no hype' requirement. However, it's incomplete and lacks depth - appears to be just starting the chronology. While well-structured, it doesn't fully explore innovations or collaboration as requested. The self-interrupting format suggesting continuation weakens the response. Facts presented are accurate and well-organized, but coverage is limited.",3.75,4.5,4.0,2.75,4.25,4.5,2.5
